{
  "dataset": "DORO-STVG",
  "model": "videochat-r1",
  "num_samples": 113,
  "timestamp": "20260520_193838",
  "average_metrics": {
    "m_tIoU": 0.09974839983238525,
    "m_vIoU": 0.013230077547468983,
    "vIoU@0.3": 0.0,
    "vIoU@0.5": 0.0,
    "by_difficulty_bucket": {
      "very_easy": {
        "num_samples": 36,
        "m_tIoU": 0.16599316720101795,
        "m_vIoU": 0.02174460435761799,
        "vIoU@0.3": 0.0,
        "vIoU@0.5": 0.0
      },
      "easy": {
        "num_samples": 33,
        "m_tIoU": 0.06932440092497398,
        "m_vIoU": 0.014522278829796656,
        "vIoU@0.3": 0.0,
        "vIoU@0.5": 0.0
      },
      "medium": {
        "num_samples": 14,
        "m_tIoU": 0.121203065022821,
        "m_vIoU": 0.00517734075899646,
        "vIoU@0.3": 0.0,
        "vIoU@0.5": 0.0
      },
      "hard": {
        "num_samples": 16,
        "m_tIoU": 0.06268577517618815,
        "m_vIoU": 0.009441670143271989,
        "vIoU@0.3": 0.0,
        "vIoU@0.5": 0.0
      },
      "very_hard": {
        "num_samples": 14,
        "m_tIoU": 0.022021044154302834,
        "m_vIoU": 0.0006720222634396761,
        "vIoU@0.3": 0.0,
        "vIoU@0.5": 0.0
      }
    }
  },
  "reparsed_from": "/mnt/sdc/xingjianwang/DORO-STVG/eval/res_videochat_r1/dorostvg_videochat-r1_20260520_193838/results.jsonl",
  "reparse_note": "Recomputed with partial truncated JSON response parsing."
}