{
  "dataset": "DORO-STVG",
  "model": "videochat-r1",
  "num_samples": 113,
  "timestamp": "20260520_193838",
  "average_metrics": {
    "m_tIoU": 0.04077201019909056,
    "m_vIoU": 0.003391403910045155,
    "vIoU@0.3": 0.0,
    "vIoU@0.5": 0.0,
    "by_difficulty_bucket": {
      "very_easy": {
        "num_samples": 36,
        "m_tIoU": 0.0645493621407616,
        "m_vIoU": 0.005782277100507341,
        "vIoU@0.3": 0.0,
        "vIoU@0.5": 0.0
      },
      "easy": {
        "num_samples": 33,
        "m_tIoU": 0.008567976107666672,
        "m_vIoU": 0.000632615971214499,
        "vIoU@0.3": 0.0,
        "vIoU@0.5": 0.0
      },
      "medium": {
        "num_samples": 14,
        "m_tIoU": 0.0746027954425982,
        "m_vIoU": 0.004840968355544977,
        "vIoU@0.3": 0.0,
        "vIoU@0.5": 0.0
      },
      "hard": {
        "num_samples": 16,
        "m_tIoU": 0.05282291603558301,
        "m_vIoU": 0.005401048886820627,
        "vIoU@0.3": 0.0,
        "vIoU@0.5": 0.0
      },
      "very_hard": {
        "num_samples": 14,
        "m_tIoU": 0.007936507936507936,
        "m_vIoU": 0.0,
        "vIoU@0.3": 0.0,
        "vIoU@0.5": 0.0
      }
    }
  }
}