{
  "m_tIoU": 0.0,
  "m_sIoU": 0.22013054507947008,
  "m_m_vIoU": 0.0008948396141441874,
  "vIoU@0.3": 0.0,
  "vIoU@0.5": 0.0
}