{
  "dataset": "DORO-STVG",
  "model": "videochat-r1",
  "num_samples": 113,
  "timestamp": "20260520_190555",
  "average_metrics": {
    "m_tIoU": 0.04256186214422669,
    "m_vIoU": 0.002896195863354995,
    "vIoU@0.3": 0.0,
    "vIoU@0.5": 0.0,
    "by_difficulty_bucket": {
      "very_easy": {
        "num_samples": 36,
        "m_tIoU": 0.0753942450786678,
        "m_vIoU": 0.005650854468732594,
        "vIoU@0.3": 0.0,
        "vIoU@0.5": 0.0
      },
      "easy": {
        "num_samples": 33,
        "m_tIoU": 0.0043882477900073205,
        "m_vIoU": 0.0005882088100033491,
        "vIoU@0.3": 0.0,
        "vIoU@0.5": 0.0
      },
      "medium": {
        "num_samples": 14,
        "m_tIoU": 0.0746027954425982,
        "m_vIoU": 0.004840968355544977,
        "vIoU@0.3": 0.0,
        "vIoU@0.5": 0.0
      },
      "hard": {
        "num_samples": 16,
        "m_tIoU": 0.04968344844299043,
        "m_vIoU": 0.0022909327485625504,
        "vIoU@0.3": 0.0,
        "vIoU@0.5": 0.0
      },
      "very_hard": {
        "num_samples": 14,
        "m_tIoU": 0.007936507936507936,
        "m_vIoU": 0.0,
        "vIoU@0.3": 0.0,
        "vIoU@0.5": 0.0
      }
    }
  }
}