{
  "dataset": "DORO-STVG",
  "model": "llava-st",
  "num_samples": 113,
  "timestamp": "20260520_160150",
  "average_metrics": {
    "m_tIoU": 0.3605250092823234,
    "m_vIoU": 0.05060975447855725,
    "vIoU@0.3": 0.02654867256637168,
    "vIoU@0.5": 0.0,
    "by_difficulty_bucket": {
      "very_easy": {
        "num_samples": 36,
        "m_tIoU": 0.6847152328409518,
        "m_vIoU": 0.08234547987236716,
        "vIoU@0.3": 0.027777777777777776,
        "vIoU@0.5": 0.0
      },
      "easy": {
        "num_samples": 33,
        "m_tIoU": 0.31546300523146065,
        "m_vIoU": 0.061963573272332824,
        "vIoU@0.3": 0.06060606060606061,
        "vIoU@0.5": 0.0
      },
      "medium": {
        "num_samples": 14,
        "m_tIoU": 0.1607317740807202,
        "m_vIoU": 0.017419261186798273,
        "vIoU@0.3": 0.0,
        "vIoU@0.5": 0.0
      },
      "hard": {
        "num_samples": 16,
        "m_tIoU": 0.09307003609948002,
        "m_vIoU": 0.014318182644543721,
        "vIoU@0.3": 0.0,
        "vIoU@0.5": 0.0
      },
      "very_hard": {
        "num_samples": 14,
        "m_tIoU": 0.1385666485191649,
        "m_vIoU": 0.016907605982635212,
        "vIoU@0.3": 0.0,
        "vIoU@0.5": 0.0
      }
    }
  }
}